{"cameraMode":{"drawMode":0,"name":"Shaded","section":"Shading Mode"},"sceneLighting":true,"audioPlay":false,"sceneViewState":{"m_AlwaysRefresh":false,"showFog":true,"showSkybox":true,"showFlares":true,"showImageEffects":true,"showParticleSystems":true,"showVisualEffectGraphs":true,"m_FxEnabled":true},"in2DMode":false,"pivot":{"x":-3.638826370239258,"y":-25.40948486328125,"z":20.069599151611329},"rotation":{"x":0.02541082352399826,"y":-0.7077121138572693,"z":0.02549007162451744,"w":0.7055923342704773},"size":16.728857040405275,"orthographic":true}